<?xml version="1.0"?>
<XML_DIZ_INFO>
<MASTER_PAD_VERSION_INFO>
    <MASTER_PAD_VERSION>1.00</MASTER_PAD_VERSION>
    <MASTER_PAD_INFO>Portable Application Description, or PAD for short, is a data set that is used by shareware authors to dissemminate information to anyone interested in their software products.  To find out more go to http://www.asp-shareware.org/pad</MASTER_PAD_INFO>
</MASTER_PAD_VERSION_INFO>
<Company_Info>
        <Company_Name>Nick Rozanski</Company_Name>
        <Address_1 />
        <Address_2 />
        <City_Town>London</City_Town>
        <State_Province />
        <Zip_Postal_Code />
        <Country>United Kingdom</Country>
        <ASP_Member>N</ASP_Member>
        <ASP_Member_Number />
        <ESC_Member>N</ESC_Member>
        <Company_WebSite_URL>http://www.nick.rozanski.com</Company_WebSite_URL>
<Contact_Info>
        <Author_First_Name>Nick</Author_First_Name>
        <Author_Last_Name>Rozanski</Author_Last_Name>
        <Author_Email>Nick@Rozanski.com</Author_Email>
        <Contact_First_Name />
        <Contact_Last_Name />
        <Contact_Email />
    </Contact_Info>
<Support_Info>
        <Sales_Email>Nick@Rozanski.com</Sales_Email>
        <Support_Email>Nick@Rozanski.com</Support_Email>
        <General_Email>Nick@Rozanski.com</General_Email>
        <Sales_Phone />
        <Support_Phone />
        <General_Phone />
        <Fax_Phone />
    </Support_Info>
</Company_Info>
<Program_Info>
        <Program_Name>Srvstart</Program_Name>
        <Program_Version>1.10</Program_Version>
        <Program_Release_Month>09</Program_Release_Month>
        <Program_Release_Day>30</Program_Release_Day>
        <Program_Release_Year>2000</Program_Release_Year>
        <Program_Cost_Dollars>0</Program_Cost_Dollars>
        <Program_Cost_Other />
        <Program_Type>Freeware</Program_Type>
        <Program_Release_Status>Minor Update</Program_Release_Status>
        <Program_Install_Support>No Install Support</Program_Install_Support>
        <Program_OS_Support>WinNT 4.x,Windows2000</Program_OS_Support>
        <Program_Language>English</Program_Language>
        <Program_System_Requirements />
        <Program_Categories />
<File_Info>
        <Filename_Versioned />
        <Filename_Previous />
        <Filename_Generic />
        <Filename_Long>srvstart_run.v110.zip</Filename_Long>
        <File_Size_Bytes />
        <File_Size_K />
        <File_Size_MB />
    </File_Info>
<Expire_Info>
        <Has_Expire_Info>N</Has_Expire_Info>
        <Expire_Count />
        <Expire_Based_On>Days</Expire_Based_On>
        <Expire_Other_Info />
        <Expire_Month />
        <Expire_Day />
        <Expire_Year />
    </Expire_Info>
        <Includes_VB_Runtime>N</Includes_VB_Runtime>
        <Includes_JAVA_VM>N</Includes_JAVA_VM>
        <Includes_DirectX>N</Includes_DirectX>
</Program_Info>
<Program_Descriptions>
<English>
        <Keywords>utility, library, NT services</Keywords>
        <Char_Desc_45>run commands as if they were NT services</Char_Desc_45>
        <Char_Desc_80>run commands as if they were Windows NT services</Char_Desc_80>
        <Char_Desc_250>executable and DLL which allows you to run commands as if they were Windows NT services (replacement for SRVANY.EXE)</Char_Desc_250>
        <Char_Desc_450>SRVSTART is a Win32 executable and DLL (a replacement for SRVANY.EXE) which allows you to run commands as if they were Windows NT services. It also has some features to enhance the running of ordinary console commands (prompting for parameters etc).</Char_Desc_450>
        <Char_Desc_2000 />
</English>
</Program_Descriptions>
<Web_Info>
<Application_URLs>
        <Application_Info_URL>http://www.Nick.Rozanski.com/services.htm</Application_Info_URL>
        <Application_Order_URL />
        <Application_Screenshot_URL />
        <Application_Icon_URL />
        <Application_XML_File_URL />
    </Application_URLs>
<Download_URLs>
        <Primary_Download_URL>http://www.Nick.Rozanski.com/binaries/srvstart_run.v110.zip</Primary_Download_URL>
        <Secondary_Download_URL />
        <Additional_Download_URL_1 />
        <Additional_Download_URL_2 />
    </Download_URLs>
</Web_Info>
<Permissions>
        <Distribution_Permissions>Distributed under the terms of the GNU General Public License as published by the Free Software Foundation.
Distributed WITHOUT ANY WARRANTY whatsoever.</Distribution_Permissions>
        <EULA>Distributed in the hope that it will be useful, but WITHOUT ANY WARRANTY; without even the implied warranty of MERCHANTABILITY or FITNESS FOR A PARTICULAR PURPOSE. See the GNU Lesser General Public License for more details</EULA>
</Permissions>
</XML_DIZ_INFO>
